Tintaburra Satellite - Alternator  - Diesel Engine,http://awsapmapp04.santos.com/meridium/#3;rte=home;rte=assets\hierarchy\-1;rte=/asi/overview;rte=asi/package/1238887610
Tintaburra Satellite - Crude Oil Storage - Tanks,http://awsapmapp04.santos.com/meridium/#3;rte=home;rte=assets\hierarchy\-1;rte=/asi/overview;rte=asi/package/1238887707
Tintaburra Satellite - Export - Crude Oil Loadout Pump Package,http://awsapmapp04.santos.com/meridium/#3;rte=home;rte=assets\hierarchy\-1;rte=/asi/overview;rte=asi/package/1238910783
Tintaburra Satellite - (Review Items),http://awsapmapp04.santos.com/meridium/#3;rte=home;rte=assets\hierarchy\-1;rte=/asi/overview;rte=asi/package/0
Tintaburra Satellite - Crude Fuel Storage - Control and Monitor,http://awsapmapp04.santos.com/meridium/#3;rte=home;rte=assets\hierarchy\-1;rte=/asi/overview;rte=asi/package/0
Tintaburra Satellite - Emergency Shutdown Valve - Control and Monitor,http://awsapmapp04.santos.com/meridium/#3;rte=home;rte=assets\hierarchy\-1;rte=/asi/overview;rte=asi/package/0
Tintaburra Satellite - Fire Water Tank - Control and Monitor,http://awsapmapp04.santos.com/meridium/#3;rte=home;rte=assets\hierarchy\-1;rte=/asi/overview;rte=asi/package/0
Tintaburra Satellite - Fire Water Pump,http://awsapmapp04.santos.com/meridium/#3;rte=home;rte=assets\hierarchy\-1;rte=/asi/overview;rte=asi/package/0
Tintaburra Satellite - Piping Area - Pipe Supports And Structures,http://awsapmapp04.santos.com/meridium/#3;rte=home;rte=assets\hierarchy\-1;rte=/asi/overview;rte=asi/package/0
Tintaburra Satellite - Production Facilities - Chemical Injection Pump Packages,http://awsapmapp04.santos.com/meridium/#3;rte=home;rte=assets\hierarchy\-1;rte=/asi/overview;rte=asi/package/0
Tickalara Satellite - Buildings - Office,http://awsapmapp04.santos.com/meridium/#3;rte=home;rte=assets\hierarchy\-1;rte=/asi/overview;rte=asi/package/1238921241
Tickalara Satellite - Crude Oil Storage - Dewatering / Test Tanks,http://awsapmapp04.santos.com/meridium/#3;rte=home;rte=assets\hierarchy\-1;rte=/asi/overview;rte=asi/package/1239397557
