Tintaburra Satellite - Alternator  - Diesel Engine,1650-EPL-001
Tintaburra Satellite - Alternator  - Diesel Engine,1650-SWBD-001
Tintaburra Satellite - Crude Oil Storage - Tanks,1650-LIT-1062
Tintaburra Satellite - Crude Oil Storage - Tanks,1650-LSHH-1065
Tintaburra Satellite - Crude Oil Storage - Tanks,1650-LSHH-1064
Tintaburra Satellite - Crude Oil Storage - Tanks,1650-TK-001B-CO
Tintaburra Satellite - Crude Oil Storage - Tanks,1650-PRV-001
Tintaburra Satellite - Crude Oil Storage - Tanks,1650-SAT-STO-BND
Tintaburra Satellite - Crude Oil Storage - Tanks,1650-LI-1062A
Tintaburra Satellite - Crude Oil Storage - Tanks,1650-PSV-0269
Tintaburra Satellite - Crude Oil Storage - Tanks,1650-TK-001A
Tintaburra Satellite - Crude Oil Storage - Tanks,1650-PSV-001
Tintaburra Satellite - Crude Oil Storage - Tanks,1650-TK-001B
Tintaburra Satellite - Crude Oil Storage - Tanks,1650-TK-001A-CO
Tintaburra Satellite - Crude Oil Storage - Tanks,1650-SAT-STO
Tintaburra Satellite - Crude Oil Storage - Tanks,1650-PSV-006
Tintaburra Satellite - Export - Crude Oil Loadout Pump Package,1650-P-002
Tintaburra Satellite - Export - Crude Oil Loadout Pump Package,1650-SP18-0003
Tintaburra Satellite - Export - Crude Oil Loadout Pump Package,1650-SP62-0001
Tintaburra Satellite - Export - Crude Oil Loadout Pump Package,1650-SAT-EXP
Tintaburra Satellite - Export - Crude Oil Loadout Pump Package,1650-SP18-0004
Tintaburra Satellite - Export - Crude Oil Loadout Pump Package,1650-PX-002
Tintaburra Satellite - Export - Crude Oil Loadout Pump Package,1650-SP67-0001
Tintaburra Satellite - Export - Crude Oil Loadout Pump Package,1650-PSV-259
Tintaburra Satellite - Export - Crude Oil Loadout Pump Package,1650-SP62-0002
Tintaburra Satellite - Export - Crude Oil Loadout Pump Package,1650-PSV-257
Tintaburra Satellite - Export - Crude Oil Loadout Pump Package,1650-PSV-263
Tintaburra Satellite - (Review Items),1650-SAT-REV-VSCA-1
Tintaburra Satellite - (Review Items),1650-SAT-REV-VSCA-2
Tintaburra Satellite - (Review Items),1650-SAT-REV
Tintaburra Satellite - Crude Fuel Storage - Control and Monitor,1658-SP58-003
Tintaburra Satellite - Crude Fuel Storage - Control and Monitor,1650-TK-002-BND
Tintaburra Satellite - Crude Fuel Storage - Control and Monitor,1650-TK-002
Tintaburra Satellite - Crude Fuel Storage - Control and Monitor,1650-PSV-1079
Tintaburra Satellite - Crude Fuel Storage - Control and Monitor,1650-SP36-001
Tintaburra Satellite - Emergency Shutdown Valve - Control and Monitor,1650-HS-1067
Tintaburra Satellite - Fire Water Tank - Control and Monitor,1650-TK-003
Tintaburra Satellite - Fire Water Tank - Control and Monitor,1650-LG-0502
Tintaburra Satellite - Fire Water Pump,1650-SAT-FIR
Tintaburra Satellite - Piping Area - Pipe Supports And Structures,1650-SAT-PIP
Tintaburra Satellite - Piping Area - Pipe Supports And Structures,1650-SAT-PIP-STRUCT
Tintaburra Satellite - Production Facilities - Chemical Injection Pump Packages,1650-SAT-PRO-REV
Tintaburra Satellite - Production Facilities - Chemical Injection Pump Packages,1650-SAT-PRO
Tickalara Satellite - Buildings - Office,3800-SAT-BLD
Tickalara Satellite - Buildings - Office,3800-DB-001
Tickalara Satellite - Buildings - Office,3800-BLD-001-BUFI-2
Tickalara Satellite - Buildings - Office,3800-DB-N6
Tickalara Satellite - Buildings - Office,3800-DB-006
Tickalara Satellite - Buildings - Office,3800-DB-005
Tickalara Satellite - Buildings - Office,3800-DB-N4
Tickalara Satellite - Buildings - Office,3800-BLD-001-INS
Tickalara Satellite - Buildings - Office,3800-BLD-001-BUFI-1
Tickalara Satellite - Buildings - Office,3800-DB-N8
Tickalara Satellite - Buildings - Office,3800-DB-N10
Tickalara Satellite - Buildings - Office,3800-BLD-001
Tickalara Satellite - Buildings - Office,3800-DB-007
Tickalara Satellite - Buildings - Office,3800-DB-N8-CT3
Tickalara Satellite - Buildings - Office,3800-DB-N6-CT2
Tickalara Satellite - Buildings - Office,3800-DB-N4-CT1
Tickalara Satellite - Buildings - Office,3800-DB-N10-CT4
Tickalara Satellite - Buildings - Office,3800-DB-007-CT7
Tickalara Satellite - Buildings - Office,3800-DB-006-CT6
Tickalara Satellite - Buildings - Office,3800-DB-005-CT5
Tickalara Satellite - Buildings - Office,3800-DB-001-CT7
Tickalara Satellite - Buildings - Office,3800-DB-001-CT11
